{"cameraMode":{"drawMode":0,"name":"Shaded","section":"Shading Mode"},"sceneLighting":true,"audioPlay":false,"sceneViewState":{"m_AlwaysRefresh":false,"showFog":true,"showSkybox":true,"showFlares":true,"showImageEffects":true,"showParticleSystems":true,"showVisualEffectGraphs":true,"m_FxEnabled":true},"in2DMode":false,"pivot":{"x":0.6951885223388672,"y":-0.21445274353027345,"z":-0.5137996673583984},"rotation":{"x":-0.0842008888721466,"y":0.9069825410842896,"z":-0.21792970597743989,"w":-0.3504282832145691},"size":12.461819648742676,"orthographic":false}