{"cameraMode":{"drawMode":0,"name":"Shaded","section":"Shading Mode"},"sceneLighting":false,"audioPlay":false,"sceneViewState":{"m_AlwaysRefresh":false,"showFog":true,"showSkybox":false,"showFlares":true,"showImageEffects":true,"showParticleSystems":true,"showVisualEffectGraphs":true,"m_FxEnabled":true},"in2DMode":false,"pivot":{"x":0.012560367584228516,"y":2.5392940044403078,"z":-0.13938796520233155},"rotation":{"x":0.04770975559949875,"y":0.10617636889219284,"z":-0.005100388079881668,"w":0.9931893348693848},"size":3.3440475463867189,"orthographic":false}